Time,Exact,Adams_S,Adams_WS,Adams_NA,ddends,Err_S,Err_WS,Err_NA,Err_ddends
0,0,-0,-0,-0,-0,0,0,0,0
0.005,0.00625313021485024,0.00625,0.0062249999999837,0.0162250000000156,0.00625313021474291,3.13021485024399e-06,2.81302148665416e-05,0.00997186978516531,1.07334280352589e-13
0.01,0.012512541771042,0.01250625,0.0126498678489741,0.0323999999999999,0.0125125417693536,6.29177104199442e-06,0.000137326077932085,0.0198874582289579,1.68839421610389e-12
0.015,0.0187782661539297,0.01876878125,0.0183098397531502,0.0485250000000113,0.0187782661532561,9.48490392974413e-06,0.000468426400779536,0.0297467338460815,6.73613942403506e-13
0.02,0.0250503350066889,0.02503762515625,0.0259348155437147,0.0646000000000035,0.0250503349795533,1.27098504389342e-05,0.000884480537025761,0.0395496649933146,2.71356062619965e-11
0.025,0.0313287801311072,0.0313128132820312,0.0302806978794853,0.0806250000000051,0.0313287801107733,1.59668490759615e-05,0.00104808225162188,0.0492962198688979,2.03339428628269e-11
0.03,0.0376136334883792,0.0375943773484414,0.0382859638461127,0.0966000000000073,0.0376136334785576,1.92561399378274e-05,0.000672330357733453,0.058986366511628,9.82165737628549e-12
0.035,0.0439049271999058,0.0438823492351836,0.0438977928986766,0.112524999999998,0.0439049269853824,2.25779647222146e-05,7.13430122918635e-06,0.0686200728000923,2.1452338516692e-10
0.04,0.0502026935480971,0.0501767609813595,0.0496090278727618,0.12840000000001,0.0502026931002962,2.59325667375312e-05,0.000593665675335225,0.0781973064519133,4.47800893588202e-10
0.045,0.0565069649771792,0.0564776447862663,0.0573965848643093,0.144224999999995,0.0565069644689815,2.9320190912889e-05,0.000889619887130107,0.0877180350228153,5.08197678383837e-10
0.05,0.062817774094006,0.0627850330101977,0.0619349599204777,0.16000000000001,0.0628177737371214,3.27410838083519e-05,0.000882814173528319,0.0971822259060044,3.56884646834921e-10
0.055,0.0691351536688736,0.0691022402576386,0.0696858430896471,0.175724999999994,0.0691351535503984,3.29134112349444e-05,0.000550689420773534,0.10658984633112,1.18475160237885e-10
0.06,0.0754591366363399,0.0754261066002806,0.0754196811504287,0.19140000000001,0.0754591364629211,3.30300360593394e-05,3.94554859112495e-05,0.11594086336367,1.73418848725682e-10
0.065,0.0817897560960482,0.0817563835713447,0.0813011391994802,0.207024999999993,0.0817897545913111,3.3372524703465e-05,0.000488616896567956,0.125235243903944,1.50473708493415e-09
0.07,0.0881270453135541,0.0880939004908774,0.0889191638020194,0.222600000000009,0.0881270416837594,3.31448226767173e-05,0.000792118488465235,0.134472954686455,3.62979471479896e-09
0.075,0.0944710377211579,0.0944371628564933,0.093667540534319,0.238124999999991,0.0944710318546696,3.38748646645515e-05,0.00080349718683885,0.143653962278834,5.866488267392e-09
0.08,0.10082176691874,0.100788223943006,0.101321619369564,0.253600000000007,0.100821759218445,3.3542975733325e-05,0.000499852450824012,0.152778233081268,7.7002944853799e-09
0.085,0.1071792666746,0.107145357778723,0.10713484123675,0.269024999999991,0.10717925788949,3.39088958764694e-05,4.4425437849771e-05,0.161845733325392,8.78511005608651e-09
0.09,0.113543570926303,0.113509320570426,0.113118560267232,0.284400000000003,0.113543561982206,3.42503558767998e-05,0.000425010659070954,0.170856429073701,8.94409613039215e-09
0.095,0.119914713781526,0.119880724686989,0.120613223780796,0.299724999999995,0.119914705610999,3.39890945364463e-05,0.000698509999269847,0.179810286218469,8.17052650536887e-09
0.1,0.126292729518912,0.126258052977187,0.125573102938562,0.314999999999997,0.126292722890271,3.46765417252592e-05,0.000719626580350075,0.188707270481086,6.62864055311907e-09
0.105,0.132677652588926,0.132643220242878,0.133132731551248,0.330224999999997,0.132677647934426,3.4432346048191e-05,0.000455078962321387,0.197547347411071,4.6544998133502e-09
0.11,0.139069517614718,0.139034740849727,0.139016959721662,0.345399999999996,0.139069514857868,3.47767649908071e-05,5.25578930556936e-05,0.206330482385278,2.7568498039976e-09
0.115,0.145468359392985,0.145433276941697,0.145098685596203,0.360524999999997,0.145468357775,3.50824512879711e-05,0.000369673796781572,0.215056640607012,1.61798507924971e-09
0.12,0.151874212894844,0.151839328446751,0.152491710088107,0.375599999999992,0.15187420920653,3.48844480929922e-05,0.000617497193262734,0.223725787105148,3.68831415409332e-09
0.125,0.158287113266707,0.158251588457472,0.157642597369533,0.390625,0.158287100419213,3.55248092343274e-05,0.000644515897173598,0.232337886733294,1.28474938743128e-08
0.13,0.164707095831155,0.164671773012979,0.165120260942025,0.405599999999987,0.164707068389308,3.53228181763643e-05,0.000413165110870028,0.240892904168831,2.74418469892179e-08
0.135,0.171134196087829,0.171098537732807,0.171075858196227,0.420525000000002,0.171134150390457,3.56583550211731e-05,5.83378916014232e-05,0.249390803912173,4.56973715812214e-08
0.14,0.177568449714307,0.17753250129883,0.177247393835932,0.435399999999985,0.177568383696299,3.59484154764111e-05,0.000321055878374582,0.257831550285678,6.60180083100759e-08
0.145,0.184009892567005,0.183974091928829,0.184555397001722,0.450225000000001,0.184009805580473,3.58006381761533e-05,0.000545504434716515,0.266215107432995,8.69865325048291e-08
0.15,0.190458560682071,0.190422166862551,0.189881296507685,0.464999999999984,0.19045845331662,3.63938195195312e-05,0.000577264174385583,0.274541439317913,1.07365450696673e-07
0.155,0.196914490276281,0.196878256586585,0.197289313712603,0.479725,0.19691436417838,3.62336896963245e-05,0.000374823436321725,0.282810509723718,1.26097901093081e-07
0.16,0.203377717747953,0.203341154611544,0.203315443720456,0.494399999999983,0.203377575439393,3.65631364089569e-05,6.22740274969502e-05,0.29102228225203,1.42308559464288e-07
0.165,0.209848279677848,0.209811440493306,0.209569600431556,0.509024999999999,0.209848124373299,3.68391845411986e-05,0.000278679246292129,0.299176720322151,1.55304548693502e-07
0.17,0.216326212830091,0.216289477162642,0.216807828223202,0.523599999999982,0.216326048253738,3.6735667449328e-05,0.000481615393110313,0.307273787169891,1.64576353683943e-07
0.175,0.22281155415309,0.222774266161817,0.22229460400216,0.538124999999998,0.222811384354349,3.72879912720614e-05,0.00051695015092959,0.315313445846909,1.69798740179417e-07
0.18,0.229304340780453,0.229267174317761,0.229644080035262,0.552599999999981,0.229304169948774,3.71664626915846e-05,0.000339739254809901,0.323295659219529,1.70831678636407e-07
0.185,0.235804610031924,0.235767119958283,0.235739864455982,0.567024999999997,0.235804442310651,3.74900736412609e-05,6.47455759413551e-05,0.331220389968073,1.67721272453791e-07
0.19,0.242312399414313,0.242274644544478,0.242070646536894,0.581399999999981,0.242312238713622,3.77548698349828e-05,0.000241752877419121,0.339087600585668,1.60700691087534e-07
0.195,0.248827746622433,0.248790055477819,0.249252695625198,0.595724999999996,0.248827596431325,3.76911446132722e-05,0.000424949002765213,0.346897253377563,1.50191107606279e-07
0.2,0.255350689540042,0.255312481903063,0.254887800267138,0.60999999999998,0.255350552737401,3.82076369797035e-05,0.000462889272904887,0.354649310459937,1.36802641104161e-07
0.205,0.261881266240794,0.261843144735659,0.262188925683413,0.624224999999994,0.261881144905491,3.8121505135269e-05,0.000307659442618569,0.3623437337592,1.21335303804315e-07
0.21,0.268419514989186,0.268381075096512,0.268353492922491,0.638399999999979,0.268419410209233,3.8439892673825e-05,6.60220666951483e-05,0.369980485010794,1.04779953047363e-07
0.215,0.274965474241515,0.274926778328292,0.274755871567163,0.652524999999991,0.274965385922268,3.86959132230857e-05,0.000209602674352827,0.377559525758476,8.83192475265027e-08
0.22,0.281519182646845,0.281480514726107,0.281893882720842,0.666599999999983,0.281519109318236,3.86679207383667e-05,0.000374700073996814,0.385080817353138,7.33286091847418e-08
0.225,0.288080679047966,0.28804152597212,0.28766622688733,0.680624999999985,0.288080617670777,3.91530758457881e-05,0.000414452160635626,0.392544320952019,6.13771890534132e-08
0.23,0.294650002482369,0.294610902984323,0.294928355205275,0.694599999999985,0.294649948253531,3.90994980468129e-05,0.000278352722905106,0.399949997517615,5.42288384197676e-08
0.235,0.301227192183223,0.301187778886024,0.301160855385484,0.708524999999984,0.301227136469139,3.94132971993089e-05,6.63367977393747e-05,0.407297807816761,5.57140842905035e-08
0.24,0.307812287580351,0.307772624900087,0.307630650013626,0.722399999999983,0.307812204931067,3.96626802643962e-05,0.000181637566725013,0.414587712419632,8.2649284582903e-08
0.245,0.314405328301222,0.314365661450158,0.31473548182873,0.736224999999982,0.314405193046894,3.96668510633247e-05,0.000330153527508037,0.421819671698761,1.35254327848777e-07
0.25,0.321006354171935,0.32096622946114,0.320635283838706,0.749999999999983,0.321006144604106,4.01247107950642e-05,0.000371070333229195,0.428993645828047,2.09567829811963e-07
0.255,0.327615405218223,0.3275753040986,0.327867006028755,0.763724999999982,0.327615103390187,4.01011196227707e-05,0.000251600810532493,0.436109594781759,3.01828035509377e-07
0.26,0.334232521666443,0.334192110692481,0.334166634801093,0.777399999999982,0.334232113192624,4.04109739622904e-05,6.58868653496403e-05,0.443167478333539,4.08473819435429e-07
0.265,0.340857743944592,0.340817088359022,0.340700406785865,0.791024999999978,0.3408572177989,4.0655585570093e-05,0.000157337158727566,0.450167256055386,5.26145691792657e-07
0.27,0.347491112683312,0.347450423899366,0.347781785056094,0.804599999999986,0.347490460996503,4.0688783945475e-05,0.000290672372782075,0.457108887316675,6.51686809016727e-07
0.275,0.354132668716905,0.35409154574089,0.353800437398995,0.818124999999973,0.354131886572916,4.11229760153842e-05,0.000332231317910159,0.463992331283068,7.82143989130901e-07
0.28,0.360782453084359,0.360741326027291,0.36100965241499,0.831599999999988,0.360781538315626,4.11270570684907e-05,0.000227199330631034,0.470817546915629,9.14768733484284e-07
0.285,0.367440507030368,0.367399073415872,0.367375669002733,0.845024999999972,0.367439460012117,4.14336144968774e-05,6.48380276351834e-05,0.477584492969603,1.04701825165421e-06
0.29,0.374106872006368,0.37406519692296,0.373970628116099,0.858399999999987,0.374105695449874,4.16750834080215e-05,0.000136243890268894,0.484293127993619,1.17655649350956e-06
0.295,0.380781589671569,0.3807398551145,0.381037278977849,0.87172499999997,0.380780288416384,4.17345570691841e-05,0.000255689306279894,0.490943410328401,1.30125518493784e-06
0.3,0.387464701894001,0.387422553554986,0.387167228732655,0.884999999999986,0.387463282699131,4.21483390150579e-05,0.000297473161345929,0.497535298105985,1.41919486956743e-06
0.305,0.394156250751556,0.394114072742012,0.394361208181761,0.898224999999969,0.394154722085601,4.2178009543703e-05,0.000204957430205099,0.504068749248413,1.52866595520829e-06
0.31,0.400856278533044,0.400813796617495,0.400792949311624,0.911399999999985,0.400854650363278,4.24819155498968e-05,6.33292214204384e-05,0.510543721466941,1.62816976617686e-06
0.315,0.407564827739249,0.407522106074756,0.407446872103359,0.92452499999997,0.407563111319649,4.27216644934836e-05,0.000117955635890621,0.51696017226072,1.7164196002839e-06
0.32,0.414281941083989,0.414239136082658,0.414506640346773,0.937599999999982,0.414280148742198,4.28050013315806e-05,0.00022469926278329,0.523318058915992,1.79234179137344e-06
0.325,0.421007661495188,0.420964460195585,0.42074128186038,0.950624999999973,0.421005806418411,4.32012996029463e-05,0.0002663796348083,0.529617338504785,1.85507677730179e-06
0.33,0.427742032115945,0.427698777427664,0.42792672941284,0.963599999999976,0.427740128135772,4.32546882815354e-05,0.000184697296895298,0.535857967884031,1.9039801729126e-06
0.335,0.434485096305617,0.434441539724703,0.434423619904073,0.976524999999975,0.434483157681768,4.35565809138172e-05,6.1476401543803e-05,0.542039903694358,1.93862384867405e-06
0.34,0.441236897640899,0.441193101786818,0.441134778480848,0.989399999999975,0.441234938843884,4.37958540804861e-05,0.000102119160050262,0.548163102359076,1.95879701497814e-06
0.345,0.447997479916915,0.447953578973193,0.448194732633917,1.00222499999997,0.447995515409604,4.39009437220861e-05,0.000197252717002161,0.554227520083059,1.96450731104747e-06
0.35,0.454766887148314,0.454722604759651,0.454528311280868,1.01499999999997,0.454764931166414,4.42823886636634e-05,0.000238575867446411,0.560233112851659,1.95598190028123e-06
0.355,0.46154516357037,0.461500805753225,0.461711417200032,1.02772499999997,0.4615432299018,4.43578171446801e-05,0.000166253629661495,0.566179836429604,1.93366857026422e-06
0.36,0.468332353640085,0.468287695316982,0.468272977769118,1.04039999999997,0.468330455403246,4.46583231029085e-05,5.93758709672154e-05,0.572067646359888,1.89823683893753e-06
0.365,0.475128502037304,0.475083603827024,0.475040077705229,1.05302499999997,0.475126651458238,4.489821027992e-05,8.8424332075232e-05,0.577896497962669,1.85057906587627e-06
0.37,0.481933653665831,0.481888630455999,0.482106603358992,1.06559999999997,0.481931861854262,4.50232098325731e-05,0.000172949693160951,0.583666346334141,1.79181156911845e-06
0.375,0.48874785365455,0.488702461487297,0.488534129278585,1.07812499999997,0.488746130378802,4.53921672533553e-05,0.000213724375965674,0.589377146345422,1.72327574837761e-06
0.38,0.495571147358556,0.495525659225447,0.495720620424355,1.09059999999997,0.495569500819344,4.54881331091173e-05,0.00014947306579921,0.595028852641415,1.64653921241875e-06
0.385,0.502403580360286,0.502357792495314,0.502346473196475,1.10302499999997,0.502402016963372,4.57878649722243e-05,5.7107163811021e-05,0.600621419639686,1.56339691359531e-06
0.39,0.509245198470661,0.509199169148165,0.50916859946106,1.11539999999997,0.509243722598374,4.60293224955333e-05,7.65990096005531e-05,0.606154801529307,1.47587228693791e-06
0.395,0.516096047730229,0.516049875103911,0.516247482137848,1.12772499999998,0.516094661511832,4.61726263178974e-05,0.000151434407619,0.611628952269747,1.38621839607111e-06
0.4,0.522956174410318,0.522909643184642,0.522764652951535,1.13999999999996,0.522954877491234,4.65312256758832e-05,0.000191521458782873,0.617043825589645,1.29691908357099e-06
0.405,0.529825625014192,0.529778978627276,0.52995983859513,1.15222499999998,0.529824414324064,4.66463869162048e-05,0.000134213580938569,0.622399374985786,1.21069012781749e-06
0.41,0.536704446278213,0.536657500337165,0.536649710740478,1.16439999999996,0.536703315797807,4.69459410482598e-05,5.47355377352732e-05,0.627695553721747,1.13048040628616e-06
0.415,0.543592685173012,0.543545495362776,0.543526280657706,1.17652499999998,0.543591625699949,4.71898102362145e-05,6.64045153064841e-05,0.632932314826965,1.05947306294762e-06
0.42,0.550490388904658,0.550443038881651,0.550622779383626,1.18859999999996,0.550489387817975,4.73500230073753e-05,0.000132390478967293,0.638109611095303,1.00108668321663e-06
0.425,0.557397604915845,0.557349904733024,0.557225910992676,1.20062499999998,0.55739664593937,4.77001828204093e-05,0.000171693923168847,0.643227395084133,9.58976474230155e-07
0.43,0.56431438088707,0.564266547543435,0.564434724762008,1.21259999999996,0.56431344385162,4.78333436355616e-05,0.000120343874937978,0.648285619112891,9.37035449899426e-07
0.435,0.571240764737835,0.57119263143899,0.571188450611877,1.22452499999998,0.571239824483406,4.81332988441219e-05,5.2314125957964e-05,0.653284235262142,9.40254428760667e-07
0.44,0.578176804627834,0.578128424305788,0.578119172988129,1.23639999999996,0.578175827102805,4.83803220457935e-05,5.7631639704625e-05,0.658223195372127,9.77525029255411e-07
0.445,0.585122548958167,0.585073992723236,0.5852380856051,1.24822499999997,0.585121502787476,4.85562349304969e-05,0.000115536646933645,0.663102451041806,1.04617069052182e-06
0.45,0.592078046372542,0.592029146686993,0.591924050255926,1.25999999999996,0.592076905019454,4.88996855495527e-05,0.000153996116616262,0.667921953627422,1.14135308770802e-06
0.455,0.599043345758498,0.59899429597521,0.599151088512664,1.27172499999997,0.599042087280774,4.90497832879022e-05,0.000107742754166362,0.67268165424147,1.25847772347587e-06
0.46,0.60601849624862,0.60596914554857,0.60596861045551,1.28339999999997,0.60601710305347,4.9350700050077e-05,4.98857931101604e-05,0.677381503751347,1.39319515013447e-06
0.465,0.613003547221775,0.612953945687154,0.612953450111903,1.29502499999997,0.613002005819577,4.96015346214129e-05,5.00971098724712e-05,0.682021452778192,1.54140219843502e-06
0.47,0.61999854830434,0.619948756200144,0.620099171251326,1.30659999999997,0.619996849061129,4.97921041963112e-05,0.000100622946985651,0.686601451695626,1.69924321147263e-06
0.475,0.627003549371446,0.626953418963268,0.626865342135907,1.31812499999997,0.62700168626016,5.01304081780285e-05,0.000138207235538701,0.69112145062852,1.86311128580474e-06
0.48,0.634018600548223,0.633968304046698,0.634114899066409,1.32959999999997,0.634016570898705,5.02965015249934e-05,9.62985181860443e-05,0.695581399451743,2.02964951812046e-06
0.485,0.641043752211057,0.640993153289481,0.640996267477872,1.34102499999997,0.641041556458799,5.05989215764391e-05,4.74847331853878e-05,0.699981247788908,2.19575225790525e-06
0.49,0.648079054988845,0.648028200836669,0.648035414517603,1.35239999999996,0.648076696422477,5.0854152175428e-05,4.36404712420568e-05,0.70432094501112,2.35856636798815e-06
0.495,0.655124559764261,0.655073501282626,0.65521198705769,1.36372499999996,0.655122044271772,5.10584816352244e-05,8.7427293428588e-05,0.708600440235703,2.51549248930782e-06
0.5,0.662180317675032,0.662128924622883,0.662056188787943,1.37499999999996,0.662177653488719,5.13930521489625e-05,0.000124128887089459,0.712819682324933,2.66418631322818e-06
0.505,0.669246380115213,0.669194805805008,0.669332288472821,1.38622499999996,0.669243577555353,5.15743102049715e-05,8.59083576083552e-05,0.716978619884752,2.80255985984912e-06
0.51,0.676322798736472,0.676270919979826,0.676277660892913,1.39739999999996,0.676319869953708,5.18787566459178e-05,4.51378435586403e-05,0.721077201263492,2.92878276353381e-06
0.515,0.683409625449382,0.683357486543577,0.683371504114422,1.40852499999996,0.683406584165819,5.21389058054655e-05,3.81213349608389e-05,0.725115374550581,3.04128356343192e-06
0.52,0.690506912424722,0.690454556196243,0.690582664852803,1.41959999999996,0.69050377367372,5.2356228478323e-05,7.57524280817767e-05,0.729093087575242,3.1387510012193e-06
0.525,0.697614712094773,0.697562023749114,0.69750312921343,1.43062499999996,0.697611491959447,5.26883456586358e-05,0.000111582881342609,0.733010287905191,3.22013532627619e-06
0.53,0.704733077154638,0.704680193116509,0.704809554922615,1.44159999999996,0.704729792505032,5.28840381288642e-05,7.64777679768125e-05,0.736866922845325,3.28464960563934e-06
0.535,0.711862060563553,0.711808869547872,0.711819194659133,1.45252499999996,0.711858728792512,5.3191015681131e-05,4.28659044199309e-05,0.740662939436409,3.33177104139271e-06
0.54,0.719001715546215,0.718948258993077,0.718968298597189,1.46339999999996,0.718998354303919,5.34565531374875e-05,3.34169490256997e-05,0.744398284453748,3.36124229538548e-06
0.545,0.726152095594109,0.726098409376323,0.726217518790467,1.47422499999996,0.72614872252129,5.36862177856756e-05,6.54231963576057e-05,0.748072904405853,3.3730728190573e-06
0.55,0.733313254466849,0.733259237423358,0.733212845233567,1.48499999999996,0.733309886926658,5.40170434903953e-05,0.000100409233281584,0.75168674553311,3.36754019070185e-06
0.555,0.740485246193519,0.740431019661845,0.740553166177089,1.49572499999996,0.740481901002058,5.42265316741952e-05,6.79199835695865e-05,0.755239753806445,3.3451914607241e-06
0.56,0.747668125074025,0.747613588546787,0.74762744048457,1.50639999999996,0.747664818229525,5.45365272381915e-05,4.06845894558305e-05,0.758731874925933,3.30684450056129e-06
0.565,0.754861945680454,0.754807137802451,0.754832525624552,1.51702499999996,0.754858692091092,5.48078780028272e-05,2.94200559021185e-05,0.762163054319507,3.25358936137388e-06
0.57,0.762066762858434,0.762011713522574,0.762123046974716,1.52759999999996,0.762063576068795,5.50493358596471e-05,5.62841162822236e-05,0.765533237141526,3.18678963839858e-06
0.575,0.76928263172851,0.769227251801642,0.769192167372957,1.53812499999996,0.769279523644669,5.53799268676602e-05,9.04643555531548e-05,0.768842368271449,3.10808384107464e-06
0.58,0.776509607687518,0.776454005032035,0.776569763121368,1.54859999999996,0.776506588300746,5.56026554828781e-05,6.0155433849518e-05,0.77209039231244,3.01938677205182e-06
0.585,0.783747746409975,0.783691830271116,0.783709141079703,1.55902499999996,0.783744823519063,5.59161388584695e-05,3.86053302714462e-05,0.775277253589983,2.9228909118606e-06
0.59,0.790997103849464,0.790940910159213,0.790971066845846,1.56939999999996,0.790994282781653,5.61936902515603e-05,2.60370036184732e-05,0.778402896150494,2.82106781079872e-06
0.595,0.798257736240039,0.798201289756486,0.798305933449668,1.57972499999996,0.798255019570552,5.64464835530742e-05,4.81972096292305e-05,0.781467263759918,2.71666948714611e-06
0.6,0.805529700097627,0.805472922294231,0.80544808067297,1.58999999999996,0.805527087367793,5.67778033959687e-05,8.1619424656898e-05,0.78447029990233,2.61272983403948e-06
0.605,0.812813052221443,0.812756038928298,0.812866163445963,1.60022499999996,0.812810539655412,5.70132931456691e-05,5.31112245196752e-05,0.787411947778514,2.51256603178707e-06
0.61,0.820107849695409,0.820050518977519,0.82007121364119,1.61039999999996,0.820105429915442,5.73307178899363e-05,3.6636054219441e-05,0.790292150304548,2.41977996773279e-06
0.615,0.827414149889582,0.827356535063928,0.827390963808561,1.62052499999996,0.827411811629918,5.76148256540288e-05,2.31860810211426e-05,0.793110850110375,2.33825966389212e-06
0.62,0.834732010461586,0.834674131884075,0.834773050529042,1.63059999999996,0.834729738280875,5.7878577510051e-05,4.10400674566436e-05,0.795867989538371,2.27218071080504e-06
0.625,0.842061489358056,0.842003277850986,0.841987730453417,1.64062499999996,0.842059263350347,5.82115070690836e-05,7.37589046382325e-05,0.798563510641902,2.22600770860559e-06
0.63,0.849402644816086,0.849344185468184,0.849449365460486,1.65059999999996,0.849400440320369,5.84593479016071e-05,4.67206443999224e-05,0.80119735518387,2.2044957168621e-06
0.635,0.856755535364685,0.85669675421241,0.856720753551937,1.66052499999996,0.856753321624032,5.87811522746451e-05,3.47818127474087e-05,0.803769464635271,2.21374065267899e-06
0.64,0.864120219826238,0.864061147680342,0.86409942377503,1.67039999999996,0.864117955223366,5.90721458955112e-05,2.07960512079719e-05,0.806279780173717,2.26460287222618e-06
0.645,0.871496757317981,0.871437410766643,0.871531461443223,1.68022499999996,0.871494403504623,5.93465513375468e-05,3.4704125242091e-05,0.808728242681975,2.35381335744744e-06
0.65,0.878885207253474,0.878825525355132,0.878818428039706,1.68999999999995,0.878882731790762,5.96818983423786e-05,6.67792137685197e-05,0.811114792746481,2.4754627123702e-06
0.655,0.886285629344091,0.886225687600759,0.886326552042888,1.69972499999995,0.886283005404738,5.99417433314597e-05,4.09226987971856e-05,0.813439370655863,2.62393935290817e-06
0.66,0.893698083600508,0.893637815249185,0.89366503828528,1.70939999999995,0.893695289669509,6.02683513232227e-05,3.30453152281862e-05,0.815701916399445,2.79393099922309e-06
0.665,0.901122630334208,0.901062063795565,0.901103825474106,1.71902499999995,0.901119649908031,6.05665386427257e-05,1.88048601014179e-05,0.817902369665745,2.98042617652428e-06
0.67,0.908559330158985,0.908498478802256,0.908588423284333,1.72859999999995,0.908556151443263,6.08513567287305e-05,2.90931253477122e-05,0.820040669840968,3.17871572241835e-06
0.675,0.916008243992462,0.915947054128195,0.915947656471536,1.73812499999995,0.916004859598159,6.11898642669528e-05,6.05875209257478e-05,0.822116756007489,3.38439430247472e-06
0.68,0.923469433057612,0.923407971633544,0.92350509472718,1.74759999999995,0.923465839695679,6.14614240682654e-05,3.56616695683654e-05,0.824130566942343,3.59336193322957e-06
0.685,0.93094295888429,0.930881165637828,0.930911531503035,1.75702499999995,0.930939157058778,6.17932464618276e-05,3.14273812547228e-05,0.82608204111566,3.80182551251718e-06
0.69,0.938428883310771,0.938366784393079,0.938411724811014,1.76639999999995,0.938424877010413,6.20989176912667e-05,1.71584997565866e-05,0.827971116689182,4.00630035757299e-06
0.695,0.945927268485294,0.945864874520753,0.945951390232167,1.77572499999995,0.945923064873542,6.23939645408855e-05,2.41217468732735e-05,0.829797731514658,4.20361175190731e-06
0.7,0.953438176867619,0.953375440548946,0.953383076208058,1.78499999999995,0.953433785971121,6.27363186735952e-05,5.5100659561047e-05,0.831561823132332,4.39089649795221e-06
0.705,0.960961671230587,0.960898651874074,0.960992557932302,1.79422499999995,0.960957105626108,6.30193565124282e-05,3.08867017148051e-05,0.833263328769364,4.56560447903431e-06
0.71,0.968497814661688,0.968434457869718,0.968467887338972,1.80339999999995,0.968493089161459,6.33567919697819e-05,2.99273227152286e-05,0.834902185338263,4.72550022867502e-06
0.715,0.976046670564639,0.975983000341468,0.976030860556334,1.81252499999995,0.976041801900131,6.36702231707753e-05,1.58100083054169e-05,0.836478329435311,4.86866450777335e-06
0.72,0.983608302660972,0.983544327295149,0.983628017046019,1.82159999999995,0.983603309165082,6.39753658230324e-05,1.97143850472203e-05,0.837991697338977,4.9934958898934e-06
0.725,0.991182774991622,0.991118452789204,0.991132530843411,1.83062499999995,0.991177676279268,6.43222024171441e-05,5.02441482109761e-05,0.839442225008327,5.0987123535462e-06
0.73,0.998770151918531,0.998705535388983,0.998796703334605,1.83959999999995,0.998764968565646,6.46165295478118e-05,2.65514160746605e-05,0.840829848081418,5.18335288446359e-06
0.735,1.00637049812626,1.00630553816055,1.00634195486077,1.84852499999995,1.00636525134717,6.49599657069899e-05,2.85432654898443e-05,0.842154501873691,5.24677908342319e-06
0.74,1.01398387862359,1.01391859720178,1.01396916003307,1.85739999999995,1.01397858994681,6.52814218140563e-05,1.47185905208236e-05,0.843416121376355,5.28867678406542e-06
0.745,1.02161035874518,1.02154476217236,1.02162616280933,1.86622499999995,1.0216050496875,6.55965728200147e-05,1.58040641458079e-05,0.844614641254764,5.30905767837098e-06
0.75,1.02925000415317,1.0291840556695,1.02920405284568,1.87499999999995,1.02924469589222,6.59484836638136e-05,4.59513074855256e-05,0.845749995846777,5.30826094857773e-06
0.755,1.03690288083882,1.03683662688355,1.03692549438624,1.88372499999995,1.03689759388391,6.62539552704899e-05,2.26135474108435e-05,0.846822119161121,5.28695491075482e-06
0.76,1.0445690551242,1.04450245135436,1.04454178270489,1.89239999999995,1.04456380898554,6.66037698402455e-05,2.7272419313551e-05,0.84783094487574,5.2461386630398e-06
0.765,1.05224859366381,1.05218166015653,1.05223474481898,1.90102499999994,1.05224340652006,6.69335072776001e-05,1.384884482869e-05,0.848776406336139,5.18714374497797e-06
0.77,1.05994156344623,1.05987430482628,1.05995389491584,1.90959999999994,1.05993645181043,6.72586199479408e-05,1.23314696105492e-05,0.849658436553716,5.11163580196872e-06
0.775,1.06764803179586,1.06758041563763,1.06760586933149,1.91812499999994,1.0676430101796,6.76161582271462e-05,4.21624643698326e-05,0.850476968204084,5.02161626259046e-06
0.78,1.07536806637455,1.07530013370482,1.07538710098163,1.92659999999994,1.07536314695053,6.79326697281546e-05,1.90346070756409e-05,0.851231933625394,4.91942401881218e-06
0.785,1.0831017351833,1.08303344595174,1.08307562388011,1.93502499999994,1.08309692744618,6.82892315599926e-05,2.61113031929661e-05,0.85192326481664,4.80773712041582e-06
0.79,1.09084910656398,1.09078047906347,1.09083593647977,1.94339999999994,1.09084441698951,6.86275005181702e-05,1.31700842156413e-05,0.85255089343596,4.68957447274931e-06
0.795,1.09861024920102,1.09854128663628,1.09861949328758,1.95172499999994,1.09860568090347,6.89625647367631e-05,9.24408656244324e-06,0.853114750798925,4.56829754647003e-06
0.8,1.10638523212312,1.10631590587317,1.10634640788759,1.95999999999994,1.10638078451102,6.93262499451563e-05,3.88242355269242e-05,0.853614767876824,4.44761209461575e-06
0.805,1.114174124705,1.11410447097134,1.11418990427426,1.96822499999995,1.11416979313512,6.96537336575265e-05,1.57795692650176e-05,0.854050875294949,4.33156987700301e-06
0.81,1.12197699666912,1.12190697926532,1.12195194073629,1.97639999999994,1.12197277209872,7.00174038010815e-05,2.50559328294209e-05,0.854423003330823,4.22457039772617e-06
0.815,1.12979391808743,1.12972355363722,1.12978126234752,1.98452499999994,1.12978978672478,7.03644502100254e-05,1.265573990894e-05,0.854731081912519,4.13136264398872e-06
0.82,1.1376249593831,1.13755424989433,1.13763145481634,1.99259999999994,1.13762090233626,7.07094887677506e-05,6.49543324082735e-06,0.854975040616841,4.05704684114383e-06
0.825,1.14547019133233,1.14539911152122,1.14543430245034,2.00062499999994,1.14546618425611,7.10798111045463e-05,3.5888881987356e-05,0.855154808667616,4.00707621217578e-06
0.83,1.15332968506605,1.1532582668328,1.15334250164587,2.00859999999994,1.1533256978073,7.14182332455238e-05,1.28165798256585e-05,0.855270314933895,3.98725874717343e-06
0.835,1.16120351207175,1.16113172270578,1.16117941009617,2.01652499999994,1.16119951064283,7.17893659705204e-05,2.41019755842231e-05,0.855321487928188,4.00142892487132e-06
0.84,1.16909174419527,1.16901959876206,1.16907946135723,2.02439999999994,1.16908771242076,7.21454332108795e-05,1.22828380459961e-05,0.855308255804668,4.03177451246961e-06
0.845,1.17699445364256,1.17692195314398,1.17699849802165,2.03222499999994,1.17699038316444,7.25004985810962e-05,4.04437909584665e-06,0.855230546357381,4.07047811790129e-06
0.85,1.1849117129815,1.1848388350586,1.18487839925311,2.03999999999994,1.1849075985263,7.28779228997833e-05,3.33137283925478e-05,0.855088287018442,4.11445519943321e-06
0.855,1.19284359514373,1.19277036786284,1.19285371183021,2.04772499999994,1.19283943415876,7.32272808838808e-05,1.0116686487871e-05,0.854881404856213,4.16098496347495e-06
0.86,1.20079017342645,1.20071656720177,1.20076692854864,2.05539999999994,1.20078596571426,7.36062246777802e-05,2.3244877806583e-05,0.85460982657349,4.20771218756499e-06
0.865,1.20875152149428,1.20867754993921,1.20873948995367,2.06302499999994,1.20874726884522,7.39715550679421e-05,1.20315406058058e-05,0.85427347850566,4.25264905312694e-06
0.87,1.21672771338107,1.21665337665448,1.21672956791945,2.07059999999994,1.21672341920408,7.4336726589852e-05,1.85453838152938e-06,0.853872286618869,4.29417698710743e-06
0.875,1.22471882349177,1.22464410179585,1.22468776285127,2.07812499999994,1.22471449244326,7.47216959289254e-05,3.10606405049541e-05,0.853406176508163,4.33104851293997e-06
0.88,1.2327249266043,1.23264984458835,1.23273258019368,2.08559999999994,1.23272056421519,7.50820159494126e-05,7.6535893809293e-06,0.852875073395635,4.36238910950237e-06
0.885,1.24074609787139,1.24067062875692,1.24072361790271,2.09302499999994,1.2407417101723,7.54691144693176e-05,2.24799686767696e-05,0.852278902128549,4.38769908273073e-06
0.89,1.24878241282247,1.24870656887191,1.2487705280795,2.10039999999994,1.24877800596703,7.58439505565978e-05,1.18847429726454e-05,0.851617587177468,4.40685544211838e-06
0.895,1.25683394736558,1.25675772803361,1.25683384109661,2.10772499999994,1.25682952725179,7.62193319718829e-05,1.06268963184775e-07,0.850891052634359,4.42011379075957e-06
0.9,1.26490077778924,1.26482416551851,1.26487168223389,2.11499999999994,1.26489634967902,7.66122707280825e-05,2.90955553461369e-05,0.850099222210699,4.42811022183243e-06
0.905,1.27298298076437,1.27290599715879,1.27298838417507,2.12222499999994,1.27297854890114,7.69836055829476e-05,5.40341069710237e-06,0.849242019235568,4.43186322707234e-06
0.91,1.2810806333462,1.28100325414763,1.28105883080207,2.12939999999994,1.28107620057059,7.73791985768657e-05,2.1802544132532e-05,0.848319366653731,4.43277561190669e-06
0.915,1.28919381297622,1.28911604919196,1.28918198525491,2.13652499999994,1.2891893803398,7.77637842668266e-05,1.18277213150275e-05,0.847331187023714,4.43263642302405e-06
0.92,1.29732259748407,1.29724444798251,1.29732073098762,2.14359999999994,1.29731816386119,7.81495015675926e-05,1.86649645095294e-06,0.846277402515862,4.43362288482518e-06
0.925,1.30546706508954,1.30538851427119,1.30543967703072,2.15062499999993,1.30546262678719,7.85508183456241e-05,2.73880588137487e-05,0.845157934910396,4.43830234342357e-06
0.93,1.31362729440446,1.31354836115897,1.31363063888679,2.15759999999994,1.31362284477024,7.89332454911307e-05,3.34448232774953e-06,0.843972705595474,4.4496342239686e-06
0.935,1.32180336443475,1.32172402676507,1.32178215650076,2.16452499999993,1.32179889423447,7.93376696777148e-05,2.12079339940718e-05,0.842721635565181,4.47020028460088e-06
0.94,1.32999535458232,1.32991562233111,1.3299835067585,2.17139999999993,1.32999085968318,7.97322512118281e-05,1.1847823822686e-05,0.841404645417617,4.4948991408944e-06
0.945,1.33820334464708,1.33812321619632,1.33819989335031,2.17822499999993,1.33819882389691,8.01284507663258e-05,3.45129677548073e-06,0.840021655352852,4.5207501697675e-06
0.95,1.34642741482896,1.34634687628803,1.34640150382284,2.18499999999993,1.34642286834962,8.0538540935482e-05,2.5911006122703e-05,0.838572585170971,4.54647933723074e-06
0.955,1.35466764572988,1.35458671356913,1.35466910288024,2.19172499999993,1.35466307451527,8.09321607524449e-05,1.4571503628158e-06,0.837057354270052,4.57121461328036e-06
0.96,1.36292411835578,1.36284277260511,1.36290342680088,2.19839999999993,1.36291952386779,8.1345750664763e-05,2.06915549039177e-05,0.835475881644151,4.59448798673101e-06
0.965,1.37119691411864,1.37111516354117,1.37118497991815,2.20502499999993,1.37119229788115,8.17505774761695e-05,1.19342004907264e-05,0.833828085881291,4.61623749004048e-06
0.97,1.37948611483854,1.37940395741413,1.3794812319386,2.21159999999993,1.3794814780293,8.21574244065371e-05,4.88289994304836e-06,0.832113885161387,4.63680923545873e-06
0.975,1.38779180274565,1.38770922607325,1.3877671625648,2.21812499999994,1.38778714578619,8.25766723988597e-05,2.46401808554619e-05,0.830333197254286,4.65695945961464e-06
0.98,1.39611406048235,1.39603107887571,1.3961137840777,2.22459999999992,1.39610938262577,8.29816066403311e-05,2.76404655608076e-07,0.828485939517569,4.67785657964903e-06
0.985,1.40445297110526,1.40436956640983,1.40443272215387,2.23102499999994,1.40444827030592,8.34046954305556e-05,2.02489513905224e-05,0.826572028894675,4.70079934333789e-06
0.99,1.41280861808732,1.41272479806642,1.41279654052051,2.23739999999993,1.41280389369553,8.38200208985729e-05,1.20775668102091e-05,0.824591381912612,4.72439179022288e-06
0.995,1.42118108531986,1.4210968476222,1.42117490437082,2.24372499999993,1.42117633728702,8.42376976655235e-05,6.18094904369926e-06,0.82254391468007,4.74803284600256e-06
1,1.42957045711476,1.42948579063571,1.42954690312595,2.24999999999993,1.42956834169283,8.46664790470353e-05,2.35539888091552e-05,0.820429542885169,2.11542193051528e-06
1.005,1.43518466851904,1.43789173533702,1.43797494587369,2.25622499999993,1.43527622007401,0.00270706681798183,0.00279027735464688,0.821040331480895,9.15515549750889e-05
1.01,1.44085680667272,1.4340439449358,1.43413685332745,2.26287246726893,1.44094881711446,0.00681286173691853,0.00671995334527531,0.822015660596204,9.20104417401202e-05
1.015,1.44658718560795,1.47778098225506,1.47759228374299,2.26810863468606,1.44667965724586,0.0311937966471072,0.0310050981350352,0.821521449078106,9.24716379127055e-05
1.02,1.45237612104962,1.38693259913624,1.3884186892602,2.27716341477705,1.45246905588653,0.0654435219133833,0.0639574317894149,0.824787293727426,9.29348369103078e-05
1.025,1.45822393042446,1.5551565835166,1.55000697731935,2.27981114618946,1.458317331236,0.0969326530921455,0.0917830468948977,0.821587215765007,9.34008115407448e-05
1.03,1.46413093287015,1.3802194577681,1.39478570475424,2.2901834435768,1.46422480194422,0.0839114751020511,0.0693452281159146,0.826052510706648,9.38690740650561e-05
1.035,1.47009744924454,1.50534726560941,1.47394072334612,2.29426503399786,1.47019178634919,0.0352498163648698,0.00384327410157526,0.824167584753317,9.43371046422392e-05
1.04,1.47612380213482,1.50630691700485,1.56041646244235,2.3020089056439,1.47621860926427,0.0301831148700358,0.0842926603075282,0.825885103509084,9.48071294484265e-05
1.045,1.48221031586682,1.41031144151559,1.3380377386327,2.30845909066494,1.48230559734462,0.0718988743512248,0.144172577234121,0.82624877479812,9.52814778065747e-05
1.05,1.48835731651435,1.57747192250196,1.64855522534757,2.31526197916659,1.48845307724542,0.0891146059876138,0.160197908833223,0.826904662652249,9.57607310747566e-05
1.055,1.49456513190855,1.42491053957595,1.38643660754908,2.32208881249993,1.49466137562182,0.0696545923325986,0.108128524359461,0.827523680591387,9.62437132705496e-05
1.06,1.50083409164732,1.5316447982969,1.50966132836184,2.32896914583325,1.50093081887096,0.0308107066495729,0.00882723671451702,0.828135054185929,9.67272236336303e-05
1.065,1.50716452710483,1.53062630379951,1.621097381273,2.33590272916661,1.50726172649285,0.0234617766946765,0.11393285416817,0.828738202061774,9.71993880143351e-05
1.07,1.51355677144098,1.45170520213515,1.31493791163589,2.34288931249991,1.51365443395378,0.0618515693058352,0.198618859805092,0.829332541058933,9.76625127990793e-05
1.075,1.52001115961103,1.60043459736426,1.73689630821608,2.34992864583327,1.52010928438589,0.0804234377532287,0.216885148605054,0.829917486222244,9.81247748570446e-05
1.08,1.5265280283752,1.46334328532489,1.3823373483192,2.35702047916658,1.52662662092129,0.0631847430503159,0.144190680055999,0.830492450791377,9.85925460879056e-05
1.085,1.53310771630838,1.5616701096804,1.54722949295292,2.36416456249994,1.53320678669212,0.0285623933720232,0.0141217766445436,0.831056846191562,9.90703837422391e-05
1.09,1.5397505638098,1.55989602902918,1.67661084081204,2.37136064583325,1.5398501248305,0.0201454652193715,0.136860277002236,0.831610082023442,9.95610206926401e-05
1.095,1.5464569131129,1.49239059536097,1.30801051864105,2.37860847916661,1.54655697846855,0.0540663177519292,0.238446394471853,0.832151566053702,0.000100065355647772
1.1,1.55322710829509,1.62492408570323,1.81167578623443,2.38590781249991,1.55332769073841,0.071696977408148,0.258448677939341,0.832680704204828,0.000100582443319119
1.105,1.56006149528765,1.50328665516501,1.38738413879767,2.39325839583327,1.56016260477219,0.0567748401226447,0.172677356489981,0.833196900545618,0.000101109484535122
1.11,1.56696042188572,1.59373165711424,1.58800162889794,2.40065997916658,1.56706206370202,0.0267712352285134,0.0210412070122148,0.833699557280861,0.000101641816299347
1.115,1.57392423775824,1.5909960147047,1.72543785418979,2.40811231249993,1.57402641066004,0.0170717769464641,0.151513616431554,0.834188074741695,0.000102172901796704
1.12,1.58095329445801,1.53364990840737,1.31426990122422,2.41561514583326,1.58105598859272,0.0473033860506367,0.266683393233782,0.834661851375249,0.000102694134712866
1.125,1.58804794543179,1.65207442288042,1.87697972469771,2.42316822916659,1.58815110125634,0.0640264774486217,0.288931779265912,0.8351202837348,0.000103155824542789
1.13,1.59520854603049,1.54426828447456,1.40064699783302,2.43077131249993,1.59531208661299,0.0509402615559329,0.194561548197469,0.835562766469432,0.000103540582495842
1.135,1.60243545351932,1.62744380224137,1.63062035841965,2.43842414583326,1.60253932346648,0.0250083487220552,0.0281849049003309,0.83598869231394,0.000103869947159607
1.14,1.60972902708808,1.62417354946458,1.76940034028823,2.4461264791666,1.60983319062061,0.014444522376508,0.159671313200159,0.83639745207852,0.000104163532529844
1.145,1.61708962786148,1.575776564297,1.3319983408006,2.45387806249992,1.61719406687918,0.0413130635644783,0.285091287060876,0.836788434638439,0.000104439017694968
1.15,1.62451761890953,1.68170605517635,1.93460709736395,2.46167864583327,1.62462233104599,0.0571884362668178,0.310089478454421,0.837161026923737,0.000104712136463236
1.155,1.63201336525792,1.5863437262527,1.42111601657958,2.46952797916658,1.63211836192486,0.0456696390052223,0.210897348678342,0.837514613908658,0.000104996666933532
1.16,1.63957723389856,1.66291189096333,1.67483637437879,2.47742581249994,1.63968253831957,0.0233346570647615,0.0352591404802249,0.837848578601372,0.000105304421011088
1.165,1.64720959380008,1.65942405802633,1.81000430169544,2.48537189583325,1.64731523903395,0.0122144642262574,0.16279470789536,0.83816230203317,0.000105645233871465
1.17,1.65491081591842,1.61888343070275,1.35935754261151,2.4933659791666,1.65501684287178,0.0360273852156683,0.295553273306907,0.838455163248185,0.000106026953358818
1.175,1.66268127320753,1.71377439920263,1.98617307794464,2.50140781249991,1.66278772863687,0.0510931259950949,0.323491804737112,0.838726539292381,0.000106455429337959
1.18,1.67052134063004,1.62961950969354,1.44807235793121,2.50949714583327,1.67062827513302,0.0409018309364995,0.222448982698831,0.838975805203228,0.000106934502982936
1.185,1.67843139516804,1.70018411414161,1.72044280197584,2.51763372916658,1.67853886116405,0.0217527189735707,0.0420114068077992,0.839202333998539,0.000107465996010747
1.19,1.68641181583388,1.6967362084918,1.84843317254464,2.52581731249994,1.68651986553374,0.0103243926579115,0.162021356710761,0.839405496666053,0.000108049699857338
1.195,1.69446298368111,1.66309886358685,1.39483239098352,2.53404764583324,1.69457166704591,0.0313641200942618,0.299630592697591,0.83958466215213,0.000108683364796081
1.2,1.70258528181536,1.74824882037225,2.03310281219312,2.5423244791666,1.70269464450435,0.0456635385568953,0.330517530377764,0.839739197351246,0.000109362688995862
1.205,1.71077909540535,1.67418854896492,1.48086275638515,2.55064756249991,1.71088917671287,0.0365905464404317,0.229916339020203,0.83986846709456,0.000110081307526766
1.21,1.71904481169398,1.73930790731995,1.7673002364202,2.55901664583327,1.71915564247528,0.0202630956259702,0.0482554247262212,0.839971834139284,0.000110830781298255
1.215,1.72738282000942,1.73611104162804,1.88567856348168,2.56743147916657,1.72749442059537,0.00872822161861686,0.158295743472256,0.840048659157151,0.000111600585947835
1.22,1.73579351177629,1.70854288357562,1.43715956369421,2.57589181249993,1.73590588987695,0.0272506282006699,0.298633948082082,0.840098300723642,0.000112378100662891
1.225,1.74427728052688,1.78510638612047,2.07662129075697,2.58439739583324,1.74439042912382,0.0408291055935885,0.332344010230087,0.840120115306361,0.000113148596944557
1.23,1.75283452191247,1.72014128834197,1.51891152489671,2.59294797916659,1.75294841713979,0.0326932335705077,0.23392299701576,0.840113457254119,0.000113895227316752
1.235,1.76146563371469,1.78033130510028,1.81533544703277,2.60154331249991,1.76158023272866,0.0188656713855881,0.0538698133180808,0.840077678785219,0.000114599013967265
1.24,1.77017101585689,1.77755667157702,1.92256209544046,2.61018314583326,1.77028625469422,0.00738565572013239,0.152391079583569,0.840012129976369,0.000115238837334219
1.245,1.77895107041566,1.75532833009899,1.48528736946882,2.61886722916658,1.77906677765505,0.0236227403166762,0.293663700946839,0.839916158750915,0.00011570723938803
1.25,1.78780620163238,1.82433288959509,2.11778328467971,2.62759531249992,1.78792207731435,0.0365266879627197,0.329977083047335,0.839789110867545,0.000115875681977684
1.255,1.79673681592474,1.7675658204977,1.56171595716626,2.63636714583325,1.79685260212741,0.0291709954270407,0.235020858758484,0.839630329908507,0.000115786202665724
1.26,1.80574332189852,1.82330254271884,1.86452564200001,2.64518247916658,1.80585880329574,0.0175592208203228,0.0587823201014956,0.839439157268067,0.000115481397218842
1.265,1.81482613035919,1.8210877505359,1.95976209639265,2.65404106249992,1.81494113202085,0.00626162017670562,0.144935966033456,0.839214932140723,0.000115001661653569
1.27,1.82398565432381,1.80356208195805,1.53834665535912,2.66294264583325,1.82410003950426,0.0204235723657564,0.285638998964691,0.83895699150944,0.000114385180449705
1.275,1.83322230903278,1.86592204221033,2.15749549786887,2.67188697916658,1.83333597694749,0.0326997331775447,0.324273188836084,0.838664670133801,0.000113667914704019
1.28,1.84253651196183,1.81654812403924,1.60883967994492,2.68087381249991,1.84264939555205,0.025988387922588,0.233696832016909,0.838337300538083,0.000112883590213775
1.285,1.85192868283395,1.86827037582093,1.9148875023779,2.68990289583325,1.85204074651945,0.0163416929869828,0.0629588195439541,0.837974212999307,0.000112063685504094
1.29,1.86139924363143,1.86672488335188,1.99783706585551,2.69897397916658,1.86151048105121,0.00532563972044797,0.136437822224085,0.83757473553515,0.000111237419786248
1.295,1.870948618608,1.85334588499809,1.59562458925744,2.70808681249992,1.87105905034885,0.0176027336099036,0.27532402935056,0.837138193891925,0.000110431740854677
1.3,1.88057723430096,1.90987482993308,2.19653595904831,2.71724114583324,1.88068690561388,0.029297595632112,0.315958724747341,0.836663911532275,0.000109671312918502
1.305,1.89028551954345,1.86717239120793,1.65990679926802,2.72643672916659,1.89039449804782,0.0231131283355233,0.23037872027543,0.83615120962314,0.000108978504366197
1.31,1.9000739054767,1.91528431479548,1.96646822926506,2.7356733124999,1.90018227885217,0.0152104093187713,0.0663943237883582,0.835599407023198,0.000108373375470316
1.315,1.90994282556245,1.91449408325652,2.03724550740267,2.74495064583326,1.91005069922847,0.00455125769407094,0.127302681840221,0.83500782027081,0.000107873666018943
1.32,1.91989271559532,1.90477711534363,1.65654196057334,2.75426847916657,1.92000021037821,0.0151156002516846,0.263350755021982,0.83437576357125,0.000107494782889184
1.325,1.92992401371537,1.95619894987934,2.23557120745424,2.76362656249992,1.93003126350292,0.0262749361639725,0.305647193738876,0.833702548784554,0.00010724978754717
1.33,1.94003716042062,1.91952132592797,1.71459635052003,2.77302464583324,1.9401443098041,0.0205158344926475,0.225440809900589,0.832987485412618,0.000107149383487659
1.335,1.95023259857969,1.96439482356338,2.01933822478834,2.78246247916659,1.95033980048329,0.014162224983697,0.0691056262086547,0.832229880586901,0.000107201903600807
1.34,1.96051077344451,1.9644263035038,2.07836283328719,2.7919398124999,1.96061818674198,0.00391553005929501,0.117852059842686,0.831429039055397,0.00010741329747721
1.345,1.97087213266306,1.95794946490349,1.72063355805897,2.80145639583325,1.9709799197817,0.0129226677595666,0.250238574604092,0.830584263170189,0.000107787118641012
1.35,1.98131712629225,2.00490830555724,2.27517142201098,2.81101197916657,1.98142545080396,0.023591179264997,0.29385429571873,0.829694852874324,0.000108324511715718
1.355,1.99184620681076,1.97367642408685,1.77263708613571,2.82060631249991,1.99195523101028,0.0181697827239053,0.219209120675047,0.828760105689156,0.000109024199523633
1.36,2.00245982913205,2.01565349257575,2.07358517663661,2.83023914583324,2.00256971160217,0.0131936634436993,0.0711253475045548,0.82777931670119,0.000109882470114453
1.365,2.01315845061741,2.01655703164544,2.12149574016517,2.83991022916658,2.01326934378114,0.00339858102802904,0.108337289547754,0.826751778549162,0.00011089316372459
1.37,2.02394253108904,2.01295355628962,1.78753122035487,2.84961931249991,2.02405457874871,0.0109889747994232,0.236411310734169,0.825676781410866,0.0001120476596701
1.375,2.03481253284324,2.05602255724577,2.31582372535023,2.85936614583324,2.0349258677064,0.0212100244025324,0.28101119250699,0.824553612990002,0.000113334863162784
1.38,2.04576892066366,2.02971823732996,1.83380261872121,2.86915047916657,2.04588366185572,0.0160506833337002,0.211966301942444,0.823381558502918,0.00011474119206456
1.385,2.05681216183462,2.06911318917561,2.12930931162641,2.87897206249991,2.05692841239819,0.0123010273409903,0.072497149791793,0.822159900665285,0.000116250563565234
1.39,2.06794272615452,2.07092593913388,2.16689440816974,2.88883064583324,2.06806057053531,0.00298321297935811,0.098951682015215,0.820887919678718,0.0001178443807901
1.395,2.07916108594927,2.06987749524162,1.85694921988147,2.89872597916657,2.07928058746861,0.00928359070765161,0.2222118660678,0.819564893217299,0.000119501519340925
1.4,2.09046771608585,2.10956672230965,2.3579438663648,2.90865781249991,2.09058891439961,0.019099006223795,0.267476150278952,0.818190096414056,0.000121198313755233
1.405,2.1018630939859,2.08772662115019,1.89790692146696,2.91862589583324,2.10198600252981,0.0141364728357076,0.203956172518945,0.816762801847337,0.000122908543904732
1.41,2.11334769963941,2.12482818891379,2.18661962181787,2.92862997916657,2.11347230306072,0.0114804892743812,0.0732719221784546,0.815282279527163,0.00012460342131293
1.415,2.12492201561848,2.12757657986466,2.21476283116814,2.9386698124999,2.12504826719388,0.00265456424618637,0.0898408155496617,0.813747796881423,0.000126251575403913
1.42,2.13658652709111,2.12880736746188,1.9286716804606,2.94874514583324,2.13671434613078,0.00777915962922426,0.207914846630504,0.812158618742137,0.000127819039677401
1.425,2.14834172183515,2.16557082070628,2.4018864633896,2.95885572916656,2.14847099107296,0.0172290988711334,0.253544741554446,0.810514007331409,0.00012926923780654
1.43,2.16018809025224,2.14778096826225,1.96480018187354,2.96900131249991,2.16031865322191,0.0124071219899964,0.195387908378703,0.808813222247668,0.000130562969665959
1.435,2.17212612538187,2.18285429087713,2.2456308970444,2.97918164583322,2.17225778377916,0.0107281654952578,0.0735047716625288,0.807055520451349,0.000131658397285683
1.44,2.18415632291549,2.18655613199012,2.2652675445412,2.98939647916658,2.18428883394622,0.00239980907462689,0.0811112216257102,0.805240156251083,0.000132511030723759
1.445,2.19627918121073,2.18982768601824,2.00254176548004,2.99964556249989,2.19641221969214,0.006451495192493,0.193737415730689,0.803366381289157,0.000133038481408665
1.45,2.20849520130565,2.22406956143957,2.44795397154238,3.00992864583324,2.20862839354059,0.0155743601339231,0.239458770236729,0.801433444527592,0.000133192234943458
1.455,2.22080488693311,2.20996042821017,2.03436499979743,3.02024547916655,2.220937913246,0.0108444587229384,0.186439887135672,0.799440592233447,0.000133026312896245
1.46,2.23320874453518,2.24324891969042,2.30646142336524,3.03059581249991,2.23334133799061,0.0100401751552419,0.0732526788300647,0.797387067964727,0.000132593455432151
1.465,2.24570728327766,2.24791517797803,2.3185449809663,3.04097939583322,2.24583922695665,0.00220789470036697,0.0728376976886413,0.795272112555555,0.000131943678989721
1.47,2.25830101506467,2.25302179484751,2.07845240572095,3.05139597916657,2.25843213932637,0.00527922021715677,0.179848609343714,0.793094964101902,0.000131124261705917
1.475,2.27099045455325,2.2851020660922,2.49640452075347,3.06184531249989,2.271120634282,0.0141116115389495,0.225414066200229,0.790854857946643,0.000130179728755841
1.48,2.28377611916817,2.27434411416398,2.10651291707431,3.07232714583323,2.28390527100578,0.0094320050041854,0.177263202093853,0.788551026665063,0.000129151837616082
1.485,2.2966585291167,2.30607121647571,2.36923122898031,3.08284122916656,2.29678660867995,0.00941268735900369,0.0725726998636036,0.786182700049856,0.000128079563249894
1.49,2.30963820740354,2.31170751849059,2.37470765341988,3.09338731249989,2.30976520648675,0.00206931108704822,0.0650694460163419,0.783749105096353,0.000126999083210677
1.495,2.32271567984574,2.31847223329971,2.1563383645052,3.10396514583323,2.32284162360842,0.00424344654603681,0.166377315340549,0.781249465987483,0.000125943762671277
1.5,2.33589147508781,2.34871162593937,2.54745875555203,3.11457447916656,2.33601641922718,0.0128201508515562,0.211567280464218,0.778683004078744,0.000124944139369809
1.505,2.34916612461682,2.34101129784088,2.18118126336867,3.12521506249989,2.34929015252529,0.00815482677594126,0.167984861248147,0.776048937883071,0.000124027908473767
1.51,2.36254016277762,2.37138212073258,2.43406077791549,3.13588664583322,2.36266338268499,0.0088419579549619,0.07152061513787,0.773346483055602,0.000123219907365968
1.515,2.37601412678815,2.37799001618973,2.43384933745234,3.14658897916656,2.3761366688885,0.00197588940158733,0.0578352106641908,0.77057485237841,0.000122542100352785
1.52,2.38958855675479,2.38626106612694,2.23616946293943,3.15732181249989,2.38971057031807,0.00332749062785043,0.153419093815355,0.767733255745101,0.000122013563280898
1.525,2.40326399568785,2.4149454894962,2.60130579374577,3.16808489583322,2.40338564615594,0.0116814938083469,0.19804179805792,0.764820900145371,0.000121650468084322
1.53,2.4170409895171,2.41004159344157,2.25833030109347,3.17887797916656,2.41716245558434,0.00699939607553723,0.158710688423632,0.761836989649454,0.000121466067236842
1.535,2.43092008710738,2.43924444485117,2.50107002785388,3.18970081249989,2.43104155778551,0.00832435774378748,0.0701499407465023,0.75878072539251,0.000121470678133839
1.54,2.44490184027432,2.44682246601215,2.49604940110479,3.20055314583322,2.4450235119417,0.00192062573783058,0.0511475608304734,0.755651305558901,0.000121671667379974
1.545,2.45898680380014,2.45647018288064,2.31794481023704,3.21143472916656,2.45910887723514,0.00251662091949489,0.141041993563102,0.752447925366417,0.000122073434999148
1.55,2.4731755354495,2.48385467762498,2.65810840848746,3.22234531249989,2.47329821284806,0.0106791421754719,0.184932873037956,0.749169777050382,0.000122677398559201
1.555,2.4874685959855,2.48151513149206,2.3379406511908,3.23328464583322,2.48759207796272,0.0059534644934387,0.149527944794698,0.74581604984772,0.000123481977214013
1.56,2.50186654918568,2.5097229426996,2.57037778212687,3.24425247916655,2.50199103176133,0.00785639351392131,0.0685112329411934,0.742385929980873,0.000124482575653673
1.565,2.51636996185818,2.51826748889992,2.56137641029964,3.25524856249989,2.51649563342616,0.00189752704173696,0.0450064484414656,0.738878600641708,0.000125671567976937
1.57,2.53097940385794,2.52918157022799,2.40168790361791,3.26627264583322,2.53110644213942,0.00179783362995156,0.129291500240035,0.735293241975276,0.000127038281475311
1.575,2.54569544810304,2.55549382363784,2.71800752685214,3.27732447916655,2.54582401708336,0.00979837553479879,0.172312078749102,0.731629031063513,0.000128568980325205
1.58,2.56051867059102,2.55551272341553,2.42001098103072,3.28840381249989,2.56064891744023,0.00500594717549552,0.140507689560301,0.727885141908867,0.000130246849205484
1.585,2.57544965041543,2.58288437355099,2.64210127750055,3.29951039583322,2.57558170239225,0.00743472313555316,0.0666516270851112,0.724060745417781,0.000132051976811987
1.59,2.59048896978236,2.59239044630848,2.62989111968285,3.31064397916655,2.59062293112166,0.00190147652611117,0.0394021499004897,0.720155009384188,0.000133961339297883
1.595,2.60563721402709,2.60447756034799,2.48744247948782,3.32180431249988,2.60577316281071,0.00115965367910453,0.118194734539272,0.716167098472789,0.000135948783618112
1.6,2.62089497163085,2.62992103605951,2.78112612778979,3.33299114583322,2.62103295664164,0.00902606442866327,0.160231156158946,0.712096174202368,0.000137985010788544
1.605,2.63626283423762,2.63211601764071,2.50455593560255,3.34420422916655,2.63640287179667,0.00414681659690297,0.131706898635064,0.707941394928933,0.000140037559051454
1.61,2.65174139667109,2.6587975624203,2.71635595924291,3.35544331249988,2.65188346745805,0.00705616574920276,0.0646145625718169,0.703701915828788,0.000142070786958381
1.615,2.66733125695167,2.66925937314853,2.70164894342,3.36670814583322,2.66747530280802,0.00192811619686539,0.0343176864683317,0.69937688888155,0.000144045856357078
1.62,2.68303301631353,2.6824410582206,2.5752690127163,3.37799847916655,2.68317893702882,0.00059195809293211,0.107764003597236,0.694965462853015,0.000145920715287851
1.625,2.69884727922189,2.70719778195285,2.84757261310136,3.38931406249988,2.69899492930268,0.00835050273095961,0.148725333879475,0.690466783277994,0.000147650080794204
1.63,2.71477465339021,2.71140764800777,2.59160429341591,3.40065464583321,2.71492383881185,0.0033670053824455,0.1231703599743,0.685879992443004,0.000149185421634446
1.635,2.73081574979764,2.73753345773349,2.79325540330732,3.41201997916655,2.73096622473855,0.00671770793584825,0.0624396535096787,0.681204229368903,0.000150474940907586
1.64,2.74697118270645,2.74894492709788,2.77670198703107,3.42340981249988,2.74712264626504,0.00197374439143028,0.0297308043246152,0.676438629793426,0.000151463558583309
1.645,2.7632415696796,2.76315575032585,2.66524177412151,3.43482389583321,2.76339365849486,8.58193537531804e-05,0.097999795558088,0.671582326153608,0.000152088815257745
1.65,2.7796275315984,2.78738878891454,2.91744371680293,3.44626197916654,2.77977988543316,0.00776125731613941,0.137816185204534,0.666634447568144,0.000152353834756092
1.655,2.79612969268026,2.79347137519488,2.68119732903091,3.45772381249988,2.79628201115711,0.00265831748537781,0.114932363649342,0.661594119819622,0.000152318476856816
1.66,2.81274868049652,2.81916518711679,2.87291135252007,3.46920914583321,2.81290072031417,0.00641650662027127,0.0601626720235591,0.656460465336695,0.000152039817654881
1.665,2.82948512599042,2.83152035247202,2.85510070973839,3.48071772916654,2.82963669755178,0.00203522648160614,0.0256155837479737,0.651232603176126,0.000151571561361585
1.67,2.84633966349511,2.84670629700026,2.757446367934,3.49224931249988,2.84649062751738,0.000366633505151537,0.0888932955611086,0.64590964900477,0.000150964022271438
1.675,2.86331293075179,2.87056196403863,2.99082701081981,3.50380364583321,2.86346319485842,0.00724903328684601,0.127514080068026,0.64049071508142,0.000150264106629994
1.68,2.88040556892793,2.87839222184841,2.77338736482142,3.51538047916654,2.88055508422234,0.00201334707952494,0.107018204106518,0.634974910238607,0.000149515294403546
1.685,2.89761822263563,2.90376811198149,2.95543383961145,3.52697956249987,2.89776698025659,0.00614988934585492,0.0578156169758151,0.629361339864243,0.00014875762095734
1.69,2.91495153994998,2.91706145706259,2.93689527675731,3.53860064583321,2.91509956760861,0.00210991711260711,0.0219437368073314,0.623649105883229,0.000148027658632977
1.695,2.93240617242763,2.93317851046015,2.85197768124435,3.55024347916654,2.93255353092585,0.000772338032525077,0.0804284911832815,0.617837306738914,0.000147358498224559
1.7,2.9499827751254,2.9567883283145,3.06780305830117,3.56190781249987,2.95012955485576,0.00680555318910514,0.117820283175775,0.611925037374476,0.000146779730360258
1.705,2.96768200661898,2.966256602062,2.86823649539538,3.57359339583321,2.96782832404577,0.00142540455698414,0.0994455112236019,0.605911389214226,0.000146317426784837
1.71,2.98550452902179,2.99141988147968,3.04093137493297,3.58529997916654,2.98565052314333,0.00591535245788855,0.0554268459111782,0.599795450144749,0.000145994121542259
1.715,3.00345100800384,3.00564660055068,3.0221366522852,3.59702731249987,3.00359683679589,0.00219559254683954,0.0186856442813603,0.593576304496035,0.000145828792053937
1.72,3.0215221128108,3.02265952028658,2.94893818640692,3.6087751458332,3.0216679496509,0.00113740747578417,0.0725839264038748,0.587253033022406,0.00014583684009839
1.725,3.03971851628309,3.04614196508182,3.14844725990013,3.62054322916654,3.03986454635579,0.00642344879873269,0.108728743617036,0.580824712883444,0.000146030072695424
1.73,3.05804089487513,3.05715244581159,2.96581546900324,3.63233131249987,3.05818731155801,0.000888449063541241,0.092225425871888,0.574290417624741,0.000146416682881512
1.735,3.07648992867463,3.08220048632276,3.12951118090275,3.6441391458332,3.07663692990501,0.00571055764813488,0.0530212522281235,0.567649217158574,0.000147001230382138
1.74,3.09506630142205,3.09735669327479,3.11087747645833,3.65596647916653,3.09521408604423,0.00229039185274882,0.0158111750362857,0.560900177744487,0.000147784622187341
1.745,3.11377070053011,3.11523792797577,3.04843654522201,3.66781306249987,3.11391946462312,0.00146722744566574,0.0653341553080979,0.554042361969761,0.000148764093017562
1.75,3.13260381710343,3.13869998130601,3.23283143305434,3.6796786458332,3.13275375028912,0.00609616420257764,0.100227615950908,0.547074828729765,0.000149933185690898
1.755,3.1515663459583,3.15116931891594,3.06620271122432,3.69156297916653,3.15171762768968,0.000397027042364329,0.0853636347339766,0.53999663320823,0.00015128173138157
1.76,3.17065898564247,3.17619231288285,3.22127945873435,3.70346581249986,3.17081178147224,0.0055333272403808,0.0506204730918842,0.532806826857397,0.000152795829774899
1.765,3.18988243845513,3.19227520428609,3.20317276309387,3.7153868958332,3.19003689628425,0.00239276583095416,0.0132903246387417,0.525504457378065,0.000154457829116161
1.77,3.20923741046699,3.21100395198959,3.15058647058769,3.72732597916653,3.20939365677315,0.00176654152259692,0.0586509398793003,0.518088568699537,0.000156246306154184
1.775,3.2287246115404,3.23454248056356,3.32102515956441,3.73928281249986,3.22888274758638,0.00581786902316406,0.0923005480240104,0.510558200959461,0.000158136045978807
1.78,3.24834475534965,3.2483985390579,3.1694834772081,3.75125714583319,3.24850485337139,5.37837082483783e-05,0.0788612781415483,0.502912390483544,0.000160098021745103
1.785,3.26809855940134,3.27348019793479,3.31634167593242,3.76324872916653,3.26826065877564,0.00538163853345175,0.0482431165310828,0.495150169765192,0.00016209937430034
1.79,3.28798674505486,3.29048817775917,3.2990804494816,3.77525731249986,3.28815084844655,0.00250143270430847,0.0110937044267376,0.487270567444999,0.000164103391688819
1.795,3.30801003754301,3.31004956458834,3.25550580731376,3.78728264583319,3.30817610703158,0.00203952704532995,0.0525042302292498,0.479272608290181,0.000166069488564791
1.8,3.32816916599269,3.33375254674262,3.41309693254866,3.79932447916652,3.32833711917817,0.00558338074992681,0.0849277665559671,0.471155313173832,0.000167953185474801
1.805,3.34846486344571,3.34893328836773,3.27574911973542,3.81138256249986,3.34863456953376,0.00046842492202126,0.0727157437102899,0.462917699054147,0.000169706088051669
1.81,3.36889786687973,3.37415148434379,3.41480286547188,3.82345664583319,3.36906914274581,0.00525361746406139,0.0459049985921491,0.454558778953457,0.000171275866076126
1.815,3.3894689172293,3.39208425694714,3.39866182471729,3.83554647916652,3.38964152346175,0.00261533971784411,0.00919290748799462,0.446077561937222,0.000172606232448747
1.82,3.410178759407,3.41246862159219,3.36331579902771,3.84765181249986,3.41035239632903,0.00228986218518301,0.0468629603792889,0.437473053092853,0.00017363692202732
1.825,3.43102814232472,3.4364162375689,3.50911513010102,3.85977239583319,3.43120253225844,0.00538809524417472,0.0780869877762935,0.428744253508465,0.000174389933716323
1.83,3.45201781891502,3.45286872303676,3.38509646133864,3.87190797916652,3.45219280241368,0.000850904121741269,0.0669213575763865,0.419890160251501,0.000174983498661518
1.835,3.47314854615263,3.47829607796,3.51676792959275,3.88405831249985,3.47332400891373,0.00514753180737504,0.0436193834401237,0.410909766347223,0.000175462761100587
1.84,3.49442108507605,3.49715471497333,3.50198185897032,3.89622314583319,3.49459695344225,0.00273362989727888,0.00756077389426935,0.401802060757138,0.000175868366202092
1.845,3.51583620080928,3.51835698609826,3.47414051267377,3.90840222916652,3.51601243768292,0.00252078528898103,0.0416956881355142,0.392566028357239,0.000176236873638214
1.85,3.53739466258365,3.54262258716034,3.60914883964235,3.92059531249985,3.5375712633194,0.00522792457668642,0.0717541770587022,0.383200649916201,0.00017660073575243
1.855,3.55909724375977,3.56030208040058,3.49762725966965,3.93280214583319,3.55927423203537,0.00120483664081528,0.0614699840901141,0.37370490207342,0.000176988275607748
1.86,3.58094472184959,3.58600650594225,3.62234194280028,3.94502247916652,3.5811221455145,0.00506178409266811,0.0413972209506945,0.364077757316931,0.000177423664915022
1.865,3.60293787853861,3.60579349184709,3.60910945256784,3.95725606249985,3.60311580544046,0.00285561330847894,0.00617157402922697,0.354318183961241,0.000177926901848924
1.87,3.62507749970817,3.62781264707178,3.58810639608347,3.96950264583318,3.62525601349691,0.00273514736360614,0.0369711036246994,0.34442514612501,0.000178513788740897
1.875,3.64736437545788,3.65246361690057,3.71326855399912,3.98176197916652,3.64754357136754,0.00509924144268847,0.0659041785412384,0.334397603708637,0.000179195909658425
1.88,3.66979930012814,3.67133278390094,3.61344775621563,3.99403381249985,3.669979280736,0.00153348377279849,0.0563515439125082,0.32423451237171,0.000179980607861285
1.885,3.69238307232284,3.69737797670241,3.73163045002199,4.00631789583318,3.69256394328598,0.00499490437957206,0.0392473776991507,0.313934823510343,0.000180870963137458
1.89,3.71511649493211,3.71809723717188,3.7201176207707,4.01861397916651,3.71529836070113,0.00298074223977229,0.0050011258385867,0.303497484234403,0.000181865769020906
1.895,3.73800037515525,3.7409358336352,3.70534194756135,4.03092181249985,3.73818333466514,0.0029354584799437,0.0326584275939066,0.292921437344597,0.000182959509888558
1.9,3.76103552452374,3.76603435399703,3.82154675761983,4.04324114583318,3.76121966686167,0.00499882947328789,0.0605112330960864,0.282205621309442,0.000184142337932069
1.905,3.78422275892439,3.78606254631019,3.73266829933338,4.05557172916651,3.7844081589744,0.00183978738579516,0.0515544595910069,0.271348970242123,0.000185400050005224
1.91,3.80756289862263,3.81250844163385,3.84473975698082,4.06791331249985,3.80774961268699,0.00494554301121886,0.0371768583581953,0.260350413877219,0.000186714064358995
1.915,3.83105676828587,3.8341653580875,3.83508362754995,4.08026564583318,3.83124482968311,0.00310858980162809,0.00402685926407642,0.249208877547309,0.000188061397240258
1.92,3.85470519700707,3.85782912579331,3.82597747943708,4.09262847916651,3.85489461164644,0.00312392878624301,0.0287277175699918,0.23792328215944,0.000189414639369723
1.925,3.87850901832835,3.883432857161,3.93405841902147,4.10500156249984,3.87869976026065,0.00492383883265024,0.0555494006931245,0.226492544171496,0.000190741932301286
1.93,3.90246907026475,3.90459547157557,3.85540303339487,4.11738464583317,3.9026610772094,0.00212640131081443,0.0470660368698819,0.21491557556842,0.000192006944645051
1.935,3.9265861953282,3.93149865876586,3.96177721074206,4.12977747916651,3.92677936417637,0.00491246343766205,0.0351910154138646,0.20319128383831,0.000193168848173109
1.94,3.95086124055144,3.95410007205177,3.95408907948203,4.14217981249984,3.95105515533691,0.00323883150033177,0.00322783893059153,0.191318571948398,0.000193914785470373
1.945,3.97529505751227,3.97859756225717,3.95014496014921,4.15459139583317,3.97547763881909,0.00330250474489713,0.025150097363055,0.179296338320903,0.00018258130682236
1.95,3.99988850235777,4.00476024890886,4.05088140350671,4.1670119791665,4.00004651226165,0.00487174655108991,0.0509929011489429,0.167123476808737,0.000158009903882039
1.955,4.02464243582873,4.0270381556181,3.98176964660977,4.17944131249984,4.02476963025358,0.00239571978937025,0.0428727892189644,0.154798876671107,0.000127194424845989
1.96,4.04955772328422,4.05445225846687,4.082851469113,4.19187914583317,4.04965484738387,0.0048945351826486,0.0332937458287876,0.142321422548951,9.71240996561207e-05
1.965,4.0746352347262,4.07800646412373,4.07721998901716,4.2043252291665,4.07471001824153,0.00337122939753431,0.00258475429096539,0.129689994440304,7.47835153340759e-05
1.97,4.09987584482438,4.10334874596238,4.07797792169011,4.21677931249983,4.09994299741555,0.00347290113800369,0.021897923134266,0.116903467675453,6.71525911668525e-05
1.975,4.12528043294113,4.13012075404151,4.17209681838305,4.22924114583317,4.12536163949491,0.00484032110038068,0.0468163854419181,0.103960712892032,8.12065537809659e-05
1.98,4.15084988315656,4.15349978639872,4.11188917081284,4.2417104791665,4.15097379906863,0.00264990324216896,0.0389607123437123,0.0908605960099456,0.000123915912073613
1.985,4.17658508429368,4.1814758113039,4.20807275814823,4.25418706249983,4.17678733072569,0.00489072701022408,0.0314876738545538,0.0776019782061503,0.000202246432007058
1.99,4.2024869299438,4.20599254846001,4.20456681479254,4.26667064583317,4.20281008905508,0.00350561851620768,0.00207988484873844,0.0641837158893663,0.000323159111276006
1.995,4.22855631849196,4.23219294781803,4.20961142120241,4.27916097916649,4.2290499286458,0.0036366293260679,0.018944897289555,0.0506046606745256,0.000493610153839086
2,4.25479415314254,4.2596217439104,4.29778930132066,4.29165781249983,4.25551470408685,0.00482759076785744,0.0429951481781217,0.0368636593572944,0.000720550944311782
